id,price
3211200460,1.6586924740176006
4124000320,1.2010804265883173
7129302800,5.930070303517697
1392800035,1.2536610714504968
2154900040,-0.02709889216758471
5071401000,8.227301286136946
3886902615,3.3485172024873617
7852160080,10.804914342868294
3886902870,4.615180909179917
1820069019,1.971486569806685
7229900250,-0.141598731460366
9421500070,4.65623892938699
1061500110,0.975975517229371
4024101440,3.4192236788013024
1682500160,-0.18867098077317856
236400130,1.4912280589627933
1443550080,4.5636058266537
3761100276,5.091628612194687
7853270740,6.19316311225396
7148700160,2.7520546758467677
1775500310,4.622064961882254
3521069146,5.245125795240116
2540850070,2.2905404126067648
8651720020,2.9875060673840586
455000760,2.611845283851985
1332200100,2.9975005467953317
7300000650,0.9219707837680056
1321730470,1.5089931774150096
6855100010,4.6986209487117
5379801920,5.2133444907662625
2332700060,3.3120858992094337
9558021010,2.239517107862194
251300260,0.6707021105469256
2024059094,4.270390343934615
8562770430,1.9588336921927032
7893804845,2.9165615164553067
7574200210,2.2241078733365867
1138020200,0.6539385636628107
8835800350,16.87595885136556
6450301690,0.7038720068203079
98020300,7.034408045867183
3761100240,8.86156405627491
7129300400,5.845296857154957
4067600275,1.4008110363640067
1446403145,-0.2941665780235948
7211300050,4.256565830391759
3705000060,0.09728339660973084
723069049,4.603527052498658
993000315,2.6428861779728603
9287800135,5.034504752984746
7228500415,4.890690157814656
6793300010,6.333747753040567
117000003,5.372636652831515
2570300130,2.9038294888203082
123039176,3.8263922386237086
1180002580,-0.7849001878627635
9284801845,1.4564369445130532
3793500160,1.596418017571918
802000130,3.6297665662290273
7011201470,3.742270905368577
8944600620,0.6455501476742845
2115510330,0.39061164401695775
9551201585,7.200771228290046
582000644,5.33028353451134
4307340490,2.144354464662563
2487200940,4.364744530991224
1862400226,0.462359029734859
9827700105,4.70744387677356
1657530350,0.4858615946882465
4249400270,2.966986065957102
625069064,5.215355937245681
1331900410,7.489039087338094
7202260330,3.4113054076737406
2985800070,0.6706404307534908
6806300920,5.139054672266405
7732400280,3.9462104266330877
3370000150,3.1101794535757703
662440030,4.188845113183378
5145100300,1.5901412512066186
7227500450,-0.5096446585623166
9346910500,5.127761348536036
3824100246,3.8780986428238613
8562891240,1.7480515113344235
2953000300,-1.0590215294023455
5561400470,6.235712220526871
7893804340,6.294355270094749
4396000530,0.36685219292329363
3278604400,-0.21981690727300673
3220200040,11.669228040570436
5556900080,-2.1222141804929717
4358700135,5.7200621865095895
5647900120,-0.3906710580481514
2523089110,8.453860216687264
5611500170,7.001919604021348
2724049076,4.272571707213684
7972601100,2.3356588740890993
5101408889,4.608094936497189
8815400105,2.7909720042819526
4017050260,4.257694708269684
7129304375,-2.2149853796543875
8159620160,-0.1977420265691316
3374300030,5.106761648210217
5256500025,5.869711440877179
8024200625,0.23442222825906978
7701960990,7.469000988468271
1250202990,9.123835014848051
2625069038,11.607717304840758
6457000080,1.67005635537912
9390700095,1.5215040928980004
9297301505,3.38548836820342
844000225,0.9056019881098278
4232400860,5.211488766184669
2473380920,2.0844869382403326
2487700274,1.2488295219469323
1137600190,-0.18477665607083005
1828000050,3.104066491321239
7222000090,4.201000790290053
3592500340,6.350009486297759
255520180,7.685640619880652
4215250220,8.847963052338017
2419700030,5.764556560540537
1329300300,1.771433164339908
5129000006,0.937697570281713
8097000380,2.536659697394137
2548100140,1.9746246193728283
626049058,4.339523755650372
7853302130,1.5106062823600193
3449850050,3.363553061790224
1761600150,1.3696171419470893
1560930450,6.3423894369536695
1152600220,10.422558303414727
1428900033,5.237191801935835
2787460120,-1.176513069439716
6352600490,6.283528730576061
8714600145,2.5779254133886864
1972200696,2.7948958681877416
3422059208,2.970730447901318
7936500172,9.561768567072319
5302400080,4.5760455392768895
2125400010,2.604590765693476
1635500250,6.040371792866331
2324800110,5.940437227082152
4306500070,2.4156061972269107
9557300080,2.9665923917377284
9178601630,5.839587825723676
952006827,1.2001792506481601
2970800130,0.1747470804248895
476000338,1.748161196720372
325059126,2.657739922252122
8670900140,8.123786099383395
2354300845,0.035907891533804026
9528103443,0.13588920603533983
7283900010,2.3632669271261455
1853081000,5.720018717677797
726049217,5.137360190471418
3330501645,0.4040022196330062
7578200025,0.6941389376832411
5316100780,6.360475405659027
8019700010,4.5809105513510024
3630110510,2.0037108032866815
6071200400,3.8575106473525396
1446800181,-0.29187794709947584
56000095,7.704839083252446
9268850180,-0.24827593130980952
6303401365,-1.139719025742614
2767603165,4.4091597011652155
1123059116,4.076642193881668
3630080030,0.8939499479906422
1853000030,7.419261513962396
1822059057,-2.1926950795576836
3262300818,7.248248763934735
2799800180,3.5760146190598565
2154550020,1.6208304103059077
7132300525,2.426989478239561
5016002275,5.426952190763846
1562000120,2.609701726173778
624110450,9.278319490530462
7857003046,2.888601141288702
4215270070,7.289037868288791
2810100007,1.702215611832839
3862710050,2.6029390359750884
6751300375,0.32798656503157203
8732300430,3.9411989516046435
8161010060,4.763149499291657
9126100813,2.7200000418167902
1523049083,0.037381485306660966
2346800180,7.356168102309864
5454200080,4.481011835340696
3204930170,4.965356883646029
5515600075,-1.2297075513058917
2597650660,5.613452402470273
1962200475,4.907258602566907
114100297,4.029209708445154
3885807362,2.3303118421301274
509000020,6.943248172420682
8848400020,3.867730091593826
1432701430,-1.5215673677200487
7304300906,1.4264575614154802
1703050420,5.19326211071809
9558200080,0.19984950541702584
5592900205,4.240924194305047
7683800192,-0.829488131766663
5437400630,4.036597829949017
9512500380,1.7418404021848326
4003000053,6.959755906658253
2211700160,1.2774376848341913
31200020,6.318138952776153
2566300100,4.518882553586749
5708500270,1.3346788659442395
2329810590,0.7722303698482466
3885804390,7.227727523642876
5317100750,14.309172823681207
251620090,10.616359543369343
8682281480,1.9447608230261253
3303980680,8.20430457577184
3904920600,4.8105248108894125
1773100921,2.1214287830900096
8731730590,0.753730092021227
4216500020,4.842587723765606
4038700730,5.8718843183285445
2394600157,2.2562083120607337
3574801780,2.613287834388771
7298900010,7.058550568286311
7518500985,4.069033706624507
3034200550,3.905411835589427
3356403400,-0.5841370824099966
7702600930,1.6536683735501736
1344300090,2.404572009554336
1591000015,0.8078333398240536
1937300280,2.9546241081300204
1522059120,4.595824476015805
3905100610,2.403466849233948
2121000250,0.21021428247351032
193300120,-0.8733092645480676
1324300126,1.7349645689328559
2770602135,3.392577316743985
1125069134,6.478923436124886
8018000020,5.255215352209026
8732040580,0.886394024260563
1721059286,2.353824476185899
5071500140,-0.8762665417114668
2560801222,2.162496749725144
2391602650,0.8705952400392585
4219401080,11.79107958205861
1995200215,2.355131659262002
1994200024,1.1633723687842759
7852070090,8.227917667568466
8965500020,3.025522948070116
9287802380,4.165656047442309
1796380060,0.9983568183389141
7697800170,3.56526408193217
4054500390,12.991702228516191
6600410480,-1.9312788022091132
6021502070,0.9864353015795961
2547200160,3.9387261544560093
1938400010,1.3592592455474217
732000160,2.6952486908038313
2597710450,2.1996515726332153
9290850740,7.5272282132992006
7281300010,9.605932927908595
7518507580,2.247510461241353
225039069,5.52605835970462
8857320130,3.052088023044767
1233100351,0.5739622823970982
5332200530,4.81438086106191
2175100055,12.623607077076045
2976800145,2.3212631214029287
3432500980,4.453929432945577
2325069054,2.886197356588527
9264921030,1.4161024271860616
8961950410,0.4798012201357754
1024039049,9.969004074836672
2309710230,0.26149178540275164
2190601049,1.0779934592029266
7844200425,3.8612393712919646
1245000438,4.139572759158954
3521069142,4.2021225545737835
3919000030,3.3390188343134
1329300070,2.4301098151595544
6392003490,2.1751241296223363
2871000300,6.185443737502236
5416500660,4.74944921848549
9477201040,2.5208286049663826
7214800240,5.498732721896448
3295730050,2.9873576049397146
3625059071,6.545043036698537
7197350070,0.9811350737615461
2623039019,5.937815636998554
6415100410,2.1160519297474583
2451000070,4.242736099299109
6378500125,1.7872081461441451
7785350010,7.213439792438454
6804600240,1.68326401001952
2215900900,1.733331619842505
3222079162,0.028693210748646336
6413100242,2.3591703756012405
8731982470,0.460665704235689
3995700220,2.6148033390791325
3394100030,4.823612017764389
1545800090,0.24170967198645965
7298040500,4.756282760037091
4197400043,2.5053168766842475
6204050160,4.318467487324579
9320901250,-2.3108500652232546
6700390150,0.9800688177211536
9508850120,4.93038005303302
1523059103,5.989607565438118
1951800040,2.8297938908907767
3585900495,10.533469992237075
3629970610,1.0934199376354268
8700100100,1.0951212951069795
3276930400,5.878912802906335
4054530240,10.907709188285294
5200100105,3.2395164434895296
1310820150,2.353399156999768
6844700510,4.1076460940287705
7625700935,3.9222529268674204
4388000120,1.1010714028665811
1432900240,1.2388324163873112
5437400100,4.1613437451089474
8911000425,1.9946158839297283
1370804446,2.118928982704359
8083400066,5.567497857275444
3276930270,7.277627372500848
6788201781,4.751781523111859
8121200810,4.19807737099782
3575305485,3.006900916902479
4324200060,-0.3282753996450106
328000160,12.121816084495492
3205500230,0.498792984536899
8832900550,6.325173458376433
1454600038,9.482758510769873
7853280610,8.995302293041744
125069038,13.263857668887496
1704900180,2.3794638736415843
708000030,1.0391327915879218
5104500020,-0.5126136485054971
6613000140,8.882745484901104
9353301070,3.7249703996507226
8802400411,-1.0829335588666107
2395710020,2.544049461477944
3226049466,2.945471174407997
2968800626,2.5514984379106718
2597670080,3.1994947686845876
2313900165,2.90986801012668
1823099056,5.6995231100906985
5637500070,1.5192459582854208
7229700165,1.8148105375732324
7228500094,2.4241337945357153
203101065,1.6753013555967384
4174600185,2.224746702296147
8651440780,1.3526464221610155
6430500191,-0.2197676594870921
4178310040,5.818433309750971
3630010040,0.5985918110365906
6303400965,1.1646516796375688
3332000530,3.534934706708041
1138020020,-0.11180954193210271
2862100366,7.2609912911613925
7522600030,1.51757602776346
5083000375,1.0172639497054339
3500100089,3.9856514350959618
2721049059,0.2940593776367323
1561750040,10.891956930530172
2597450620,11.37540466151051
3885803895,4.348962633517296
2412600070,3.0395353211571114
2824600180,6.994238646209785
3574801500,4.605087054647775
809003160,1.885663494694459
9238500190,5.222282244519603
6648500390,1.1432259457198506
5201810110,1.9239918974339871
3438501450,-0.11492753701925307
2470200020,6.773042172327389
3374500290,1.847183314847313
3383900048,3.0934522110077043
1726600150,7.364548084281528
3034200370,4.814349652767565
2824059128,3.051422530751473
5255710160,4.146815406458484
2923049421,1.785900920835046
4345300180,-0.7943443220203926
425400070,2.7185286206974264
3818400050,4.380550314285879
7349650330,-0.4292832809918369
644210020,4.084537444496737
8085400490,3.4035492178344406
6788200800,5.266402626217511
8856971000,0.33408613281910715
4218400395,9.899897368942678
4217400680,7.2955950456471665
9412200730,1.6903116128848112
982850080,1.3164532738348638
3822200105,3.5831518575819574
1235700073,2.5276456647367285
2781250230,1.5558025449522446
7501000340,7.007985953061929
2248000080,1.1026641076684087
1788700230,-2.958001719311359
4399210130,-0.31924438633563634
217500135,4.210043711963599
8079100370,3.4267710429049942
9550204620,3.340043211280273
3279000420,-2.797725997371723
3992700265,0.8402857040378205
1683600120,0.07059302244575105
2172000890,5.02687710909215
6917700665,1.840153058489289
9274201809,3.148541736895248
686800080,3.363106708828756
8113101233,1.4504786775028602
2767601031,2.5114197091707444
3629970190,5.05557828153752
1921059303,1.8819693786170226
6388910730,4.05076129128272
259500270,3.1226871986842264
1775800220,1.5728437671906117
1853080130,6.414548395432126
623049232,-1.9326166339780069
1788300010,-2.2132463490237932
259601010,0.08808138271372612
7283900036,3.180498495964345
3024079069,3.0057966919677725
4221250010,4.164471701673415
7937900280,7.06686725898805
4364700600,0.892886945899383
2215500230,3.811552051127703
7214720510,5.5637185898527095
4054710090,5.612752329774082
1000102,2.351132011455663
425200205,0.8803351081691293
3876810190,1.135273068614524
2625079030,8.931444193501232
4030100005,12.548878475260635
2771101964,1.2009163625865833
5493100366,11.997742169239723
9269200520,-1.3123025793686818
8820900670,2.6746771980934665
2004100075,1.2791392871190128
6666860170,2.49620550157569
6824100005,2.134871936165468
7856610200,5.47233626430037
7517500610,5.237998827704765
3126049415,1.935748506360624
3094000210,-0.37591803720894523
1328300040,2.702942371878996
1560930050,5.3993519602525435
9808100185,8.323243907326507
711000110,5.115441240820028
1326069151,3.023143328416611
9561100080,4.285249624662375
7883603945,2.904702485589955
5009600070,1.1379258331289037
9266701085,1.2092375703567746
5104510010,0.34771581547742203
8078380230,2.9047492388460503
7454000030,0.055479034066401645
4379400220,5.07176654391974
2481630070,8.167312284455038
2591840050,4.843640791442496
4046710050,4.217141688626229
2141310540,7.499710526015223
1687000210,1.4676870140662113
4137020820,6.435427161301298
5589300435,3.194834054316389
6632300477,0.5127334185813781
1251200045,9.165333125315877
2533300025,2.7086670822341343
5141000510,4.381298360961747
3751600146,-2.5397198179689693
2767602141,1.9724959849117716
7363600185,9.26597755471132
3232200085,7.375420118266534
3735900205,5.62887130220795
9117000230,0.9933506202526281
7140600020,-1.396649863954615
9468200125,3.376124848667029
3544400045,5.23981288818282
4077800518,0.41458972017482343
5561000330,3.501318835484153
4254000620,3.2093554677480314
9103000393,8.33499677984903
3811300090,0.9245922388265649
2985800225,1.0923977397503055
4037400070,1.5483215459598527
7212650240,0.08189965217234718
1310980580,3.1658514287389004
7852030330,2.733203415738887
9169100214,-0.09922816816333313
6072100790,4.32528240334574
825059178,14.70348755627772
5175800060,0.015012822665507242
798000421,1.69915339526756
7015200335,11.179330214928484
9542100005,10.818683265722063
2115720130,0.766544821477875
9808610190,4.743351590032778
621069039,0.8563844023226648
6899990200,7.061101922965856
2461900790,4.2880930015206635
2770604103,2.2084449424352517
4385701440,2.561044661358423
1842200040,0.019746889926774813
1250201130,4.110776724478414
249000180,5.653147552623043
225039082,6.505042281166601
257000105,-0.07112904713121604
823059145,1.588930554320994
2919702075,4.122558892875082
952007055,0.5539326398938543
3904980360,1.849013868700059
1523069086,1.2201692035334144
2473500110,2.5078068809624403
1612500090,1.1742773794152346
8691420050,7.612680338801996
3438500714,0.5489388628373059
2464400285,3.3805005478337558
2100200020,2.620851799384709
6181430800,2.0771586070726187
1982200245,3.8013328693789186
3225069065,13.872812134027264
8078460520,4.614449190517884
1000102,2.7617405738825442
6127600110,1.8442350489821187
4027701291,4.764105145096736
8687800010,2.437285327816656
5700001045,5.587416082852876
4310701565,2.995377057583588
9277200111,3.7170335724200507
8096600100,4.110190789149504
3024079063,6.008993049648251
1321400060,0.1638426631729536
179003055,1.3286579876725542
7613700521,7.344695540938415
2473251170,0.627691109425626
3278602040,2.5245366999516783
3975400260,4.2717932513231585
191100140,6.068434306413566
4139420640,13.726350680978644
1223089083,7.008902205442042
3336000626,3.607897684127171
6071600270,2.6640318113931785
2026049097,2.5455831823050534
1773101050,0.03922886442882284
3305100210,6.496861753039131
9551201560,2.4689283515748754
2123700100,4.11225961584209
2722059322,1.8819929188446842
9406520260,1.6688016767363787
2924079044,9.881322316301285
7625702277,1.0861273430181353
3220079017,6.885681913350421
9315100030,-2.9050104781818464
538000390,2.579000106279377
4141000490,7.640863118054681
9264950940,1.659944796244818
7454000585,-0.99932257143228
1842900030,0.27175432775098335
5647900670,-0.8750135750240065
619000045,2.8424139764776615
3260350090,5.648662777249859
1959701890,7.608860084741352
5318101765,4.879865984678595
2391600165,2.5475267064228166
1705400361,3.339666922355005
7504020610,5.03663780108211
5379805475,-0.6934973042199369
1049010620,-1.4468456490932669
5416300230,9.242024842665343
4379400260,3.994540804746574
9287801455,4.396141178521258
2621760350,2.256056002203444
6170900190,0.2948636320652618
8813400345,3.2098692846862527
3176100110,2.5387281583870562
3810000860,3.183975933191998
9323600380,4.921762739273936
1139000685,4.257301207223828
621069102,0.6771954957704884
3223059303,3.840495655392695
9268850860,4.029650358515757
3057000070,0.8215962260986234
345700040,0.297505371835628
1825079086,5.196025943722041
1326069191,1.4884122660466084
510001280,6.780486685953253
5071700020,0.5002268085227324
6371000026,0.0789994890141128
4235401055,0.7738286826255465
7172200080,1.565295723345821
6385100100,1.6011802141288602
7616200050,0.3223847251943835
9578140360,0.9702329738389817
723099028,1.7186013343197986
3738000070,8.256553111944694
7334602070,-0.004544780652541658
3361400190,0.26040885307228157
425059103,2.4333910271824584
7967000130,1.2049850915219051
3422059010,2.335871380573759
7806300030,5.204983437938289
1421069159,5.500753281506125
6392003810,2.3883028087173295
1498302783,1.048688605280432
9268200300,2.1137871972752027
8071000050,0.24245448905461742
8854100220,5.9107655707007565
7789000235,-0.5895857883649991
5104512070,3.48543680189761
2436200715,0.5882006102460323
3422059257,2.9659393280002195
4221250320,4.038264407184886
7504030220,4.942382780255539
1545803980,0.6814878600441705
4166600610,1.9853197382657841
1310440280,3.9823437873609473
2391600555,0.15967218558280216
7366100080,5.605196652335308
993000090,7.221726449491702
4385700285,2.144309192466572
1839500115,2.0254776323146038
4067600160,5.393697538722986
6788200605,3.0380445763586623
7334401040,1.1808997826723848
751000060,0.3968990083201196
3904100035,-0.12599675568852953
3426049031,12.230701614636564
7883601155,1.9327505544746901
2122059127,-0.8289438377067537
1818800144,4.425890057016855
7284900460,5.703490838575149
4141000060,7.60051546869419
6600220380,3.9358774789756032
9527000040,1.6913109951659062
824059083,5.646997837299793
4321200970,5.123051095248169
4094800120,9.483930940446594
7454000875,0.09554218032297812
322069153,4.247428082631464
8151600590,2.508991916623804
7471900045,2.2150159549543895
6623400356,-1.2846235843748786
9322800210,9.675724056838481
3586501075,4.974011459925087
2998300075,9.706353159985186
2767704302,1.035099858796248
8029550180,3.008676050527045
6084600660,-0.2860488245608484
1868902745,4.3147963114706185
2113701100,0.2750057501403874
316000190,1.6112752373244794
2607730110,1.962839127644025
9368700270,1.0464470826908467
7436000205,4.956026477731492
7899800915,-1.2160959985031976
4017600010,5.510585342534352
3876312490,3.550174440539922
9834201366,2.807994534098906
4154303215,6.798988973826674
2558160220,2.6671509533723907
8899210610,2.256683990194626
1938400520,2.169710425367011
9510970090,4.490370705944714
5469700260,2.7891822106811768
8651511250,3.630097264537468
6979900330,5.461398406175545
3213200180,2.369223648321598
1853081250,7.061347185567118
7202260300,3.4836610226061495
103400160,-0.40394058978502334
4024101670,2.315828668536772
3461000120,4.318373582531548
8825900070,6.03817943229654
9138100350,8.500952214798588
8024201795,2.8916277419481657
7974200937,0.544882305757958
925059311,5.0993063205873685
269000970,7.824863375531262
6625910100,3.7321909702905747
6430000945,4.945188810634233
2487200938,6.098590927992033
3052700245,3.8068710434266597
2923501130,3.7440700343505084
4036800770,1.1108342999622955
421049114,-1.639032284947565
8564950390,4.018642412745001
4027700844,2.6472759535370702
623049341,0.7915662677025156
8663240180,3.5497238571817795
1962200145,5.45917886286054
3343901183,0.3737840718006531
1137300690,6.884958828091349
6150200435,-0.5426149948400574
5652601330,0.7386375311050667
7806210400,2.5960086494648333
7937600380,3.2285591568575476
1624049092,0.8963815741470691
810000080,6.4428865630198215
3996900460,-0.3244378916935635
2675600025,4.310876889360131
2862500060,6.13496881564236
5694500200,8.04458171532817
8078700020,3.6286182652561716
924069176,4.651903439923613
8001470560,9.395512250293963
7202340370,2.7831852318746706
1522039105,7.191755078225036
3260570260,6.831977573643743
2621750350,2.1251214646237675
8860300220,4.505809905135403
8832900780,4.2681847281298095
7405700015,2.7128983241610483
3876312370,2.144132131857894
8024200685,1.274311067677585
3224900130,-1.1578594079866549
9547205610,6.062530234518315
1568100087,2.184248401287307
2473101070,1.3367178900033174
3275860240,4.732442816947988
3819500065,2.0471730661809837
1176001293,8.241880221370874
8092501240,-0.09455966310273983
7131300031,1.9463902637200337
8165501700,1.7481332430308096
6892510200,0.9035944126308657
3727800065,1.4423299235244529
1774230300,6.142312882707256
4232901525,0.17946487443568926
1529300435,3.4464829059563464
7852160310,10.479191236893564
3331001115,1.0481969845121417
7806210250,0.8599602952500467
3343900781,1.6094007882483734
9315000010,-0.9102068137193745
323089134,1.002793293520229
3141600210,-1.5564801662156915
2423069164,2.7458018628305236
5416300240,10.887524171801973
8146100610,0.8208221191373632
2473000680,2.7142822529517194
3885805325,4.657383028959146
924069106,4.196492375672224
2869100080,3.3444653531489736
925059137,3.911752590436557
7701930180,8.246586327473858
5699000070,8.985390237245168
2460700260,1.3345106840211414
7617500075,3.900480876050506
458000065,4.632206258843974
5460500040,9.732093029115482
2022059308,-0.4617646566337124
2468800040,1.8278543338859903
8091670200,2.920500855426536
1471630160,0.8859828943447828
3211100450,-0.4667533656278003
7686202275,0.50168073770087
9578090050,5.122345775518294
2239000011,2.30702364790994
3426079024,0.7086838805477523
7527000020,5.177694624066037
6600220080,0.0969203548761628
1370803940,1.5430892689951705
8648100200,2.3122077018601934
1626069178,5.670331530572714
1337801060,3.680161480641677
3066410810,5.189214964435603
7732410120,5.400118989190722
1446401460,0.2950858723779437
2206700070,1.929725504501849
5379806155,0.7901197372538511
2781270090,-1.2177851084378406
2767700022,2.2493913897297784
9828200147,3.2427286430096673
1703050500,5.009917522026225
8691510310,2.9287109614912277
302000545,1.9290502955250504
3528400180,4.214421414745219
4401200350,5.918741629220196
2420069604,0.3079407780958119
3629970090,4.85955628879058
3375300210,-1.2623111545506054
4307350990,0.7401882827120752
2473101360,1.341831094379812
4077800088,6.333146258202611
2025049028,0.7272359209123754
3438501452,2.396873894464624
7853380480,4.41782615686327
5557800010,-0.025443668414272425
8001100030,-1.779229357288287
2421059036,3.7629577866654116
7338000270,-1.2532417068258468
6003001760,5.7172178643064235
3179100482,0.9636698360649267
3395040200,0.5800600384083974
8943600870,1.493858640437709
8122600165,0.23815979337477888
7852090750,4.2139342278854315
567000380,-0.6473042269946995
2690100170,1.6664279325854938
6672500040,2.117080269923496
7338000730,-0.7928959913427944
2473251180,1.0660173980392926
6154500070,6.139640136761961
9268200380,1.5179881652963583
434000030,4.4747135420343
2872900050,1.8431572228581787
5335700110,-0.006829412127388468
3630220180,5.595748571661906
2207200820,2.0531409110329664
9492500010,4.651029307893765
9532000500,2.6000777186124853
1610000016,0.5905329974117408
1525079069,4.901279104905287
7937600395,6.55366625503561
616000200,3.5850485402093817
1525039057,2.249588359805391
2607801120,7.920184006580463
1898310110,0.8557628077531234
8945300110,-1.525203942341582
1118000320,12.331646179435014
7905200061,0.9637915831810735
8682281200,0.936324994398564
646910150,0.9491377404009025
4139430810,7.590396844237764
1423900080,1.710475306920342
5541300135,2.283794022843395
3886902505,4.333313568322012
5309101395,0.6099765544410136
2402100675,6.170285045348394
2025059201,3.354378029845153
9297300480,7.585245454364642
7950304065,-1.5580609685047184
2472930270,4.057491146472537
5583200345,0.5929435387691901
7215720680,4.104451932134601
597000550,3.031111531432866
2768200210,1.554794580219414
4046710180,6.312574967823539
4083800555,3.522740974425057
66000265,0.7008947968612402
2843200070,2.1984387737218363
921059200,0.9514966250236792
1762600090,8.344607263739631
6681500205,3.1215298475025604
2725069157,6.4443496484720795
4174600386,3.07967129835084
1001200035,0.5600091017544199
7658600150,3.1859493625496897
2926049564,2.9315264646737678
7237300290,2.3097620257734777
6668900010,0.6479468085704873
7558700030,19.592571569116416
7852070060,9.793071780584638
7936500109,12.428390994571728
7972601680,1.6754162117035065
2310000440,1.6212650002142754
1222069133,3.4451423129217833
1877500090,8.464093299444038
8802400415,-1.4195836284377692
629410130,5.591783893134123
6137500310,11.026175480412107
6386200100,2.5242715599876084
8562790480,3.369973188202019
222069057,5.7586526965691
723099044,2.9140047951513917
2474300050,6.295633041563096
5347200162,-1.2124094349320707
5423030040,2.7748889922984126
109200390,0.32362604870593603
8564860110,4.772119090863198
3852900026,0.553160986243109
7853220670,4.440546637748591
325059287,3.8920519898427606
8161020060,3.485836053739172
3333002450,-1.4976520777142546
8898700820,-1.985673563282571
1446801030,1.5788182254617205
9578500810,4.277983250163018
1574100025,1.4110042823948772
2397101375,1.4474527493366107
7697870530,-1.7203217188346955
1102000514,6.351102349420031
3876200060,1.7765137698357558
4353700200,4.4456722422374995
2115720270,-0.4597319662937435
1557000190,0.4929495608022163
2473400340,1.1113609939446203
1563100557,0.7815309468377607
2553300140,5.768459933752777
2769600590,6.773182447120908
3271800910,13.042379638847656
226059106,3.0519498550549042
2095800520,4.780546468320967
9324800455,5.4305796857088255
3295710150,1.9806197798139302
9541600110,5.824059351014155
1042700050,6.27756532717615
3521059124,4.0176345313602315
1176001119,2.2856788136833366
2976800115,3.7831502111787723
4400200057,2.567967147161821
5411600020,5.162594512863509
6850700670,5.747710678495125
824059321,6.71060542027834
1890000275,5.053448286089225
2592210150,4.004881695367351
8151600701,-0.8448733400530077
7334600730,1.9139981980952823
629890070,7.096980704038122
2162000160,5.5868446629131725
5418650080,7.090247142947157
423059207,0.28018761607298526
8079100140,4.6282361288994505
5087900040,3.32504241078873
4141800285,7.947117143587899
1454100260,1.9919917497062003
2929600035,6.231962296843971
1873100490,5.597084850702932
1895000045,-1.0118146361672768
3363900111,5.173564728329358
6802200100,-0.15240852086700907
2895800770,0.23887098987803745
825049073,1.177270779012674
3395800455,-0.9991991327809014
629810560,8.222661035640606
5015001452,3.6662178763507134
225039029,2.9010853019217713
1787600164,2.014188837345979
8146200070,5.070644991500214
9551201295,1.5553177605712478
7128300855,1.840234900119032
923000115,7.354513879921308
7985000100,-0.21760380946318264
3157600075,-0.7063591714555458
4058801310,2.421510072738757
8732130940,-1.5982648025911037
3422059249,0.9908966902864811
251300110,0.9070041093814067
1823069059,-0.87613014452821
5315100784,6.962502683602339
1442880160,4.018901552376061
3629921000,7.863594151402359
2592210510,6.819147498376011
8835700250,7.9895305061582675
1941400080,1.2859924001996064
567000382,-0.2899863092609415
2953000090,0.39498755193958723
1400300055,0.14305435810139988
3832050760,1.3333314786751713
525069099,5.816601125445048
4365700450,-0.7671981771859635
5515600163,1.9500978377002207
3630180470,6.0343661981018295
3216900060,2.0789191810798924
2459960030,1.8030402775806373
2380000190,1.9976913024825227
5634500688,7.925922244597293
9406500600,-0.547461622377591
6421100502,3.8183155881752886
2770605548,5.305366189343385
339600190,1.5932907575213915
7299810040,9.457466106317318
3820350070,3.1108619289923376
1139000400,4.738281631248931
9345400350,5.547284351597847
1402620120,3.8504828899549244
5036300575,7.23586137555095
5379805460,3.1065177483820667
6977000040,4.8512246374126455
5592900285,4.527873720647948
9275200080,0.5372666581769177
1432900030,0.42995803579616376
7135500120,2.239187927331863
5306100255,2.309833850427254
5249804560,1.9769751518117051
3426049284,12.489835125437684
1862400518,1.7143846757867471
1085623560,3.0272631258309293
5101402276,5.323016859773418
7234601525,4.490601124882494
2724079090,9.949579669879943
7955050250,3.8045773578348236
4239410220,-0.062396743072244965
9126100608,4.143928393411273
1722069052,7.186962877471057
7504010780,5.955808084341169
2225300585,4.421637146412166
4136890560,3.5552657983411984
1254200015,4.009032475391136
9324800220,6.150535926239904
3621059043,3.983597563063331
7227800110,2.3735421423581347
3124089049,5.686156601778849
8564500020,0.540005953448655
1250200345,2.2073994903271963
5016003230,2.520472604468577
6145601000,1.138758772334234
9320900610,-0.18446731334169553
7518501822,2.5233681170424127
291310170,0.6053547054783925
4139910170,10.88581908453033
5468750060,4.010124922767596
8562890280,3.1472218770386715
6713700205,1.8716137012210985
952000495,6.867743201074999
8658301060,-0.3595272246152855
3876100940,4.401200646580143
9206950110,0.5615991715961032
3293700496,5.554453659182094
1232000950,1.2198632022462523
6790200180,3.6421203369261534
1026049036,1.450184826451966
2558670110,3.052256159054039
2402100055,4.919588609651678
6817801030,-0.4025734844155275
7857003505,2.689182088972435
624110920,7.229069744862451
4055700345,3.8020999622344087
3856904825,0.49651885389628303
7695470200,6.122005033762055
510002065,3.2406379976296993
6679001060,2.0659766822169643
1762600070,7.760686384095171
3500100015,1.6663598562128934
8651400680,-1.6822732875267168
8651510380,3.426023666912057
3599600276,0.9667984018743869
9567800140,1.548559415767662
6371000079,2.977795547794212
4420600015,2.4422114110296453
1865000040,4.614473493412916
6447300225,7.281788929958486
4017050020,3.853396859663682
2207100255,-0.7514916838480764
323069120,6.131423982427514
3013300055,2.420981318489895
3522049063,5.353815068208814
207500012,5.189453500894191
1018000110,1.714755447907
1311400120,-0.6477359146436121
5495200040,6.282993495808253
3876311180,0.44518578379980694
3390600010,-0.44157195853497433
2201500440,0.05031671940630267
3972900160,2.3600021534036357
2946001645,-0.8279506468310301
7856660130,10.071313417106092
3797000745,2.4032769009879082
3904920380,4.389790116682661
3303850390,18.866511412554786
847100047,4.573078530741943
8945100530,-1.8896152801432602
9183701345,-0.22811183584066375
3889100029,3.898509691693363
6824100014,3.6778891172834483
1934800138,0.9195881180198608
9534400010,3.883006046548666
3630220140,5.648730145412337
9274200620,2.7154188170453084
7300400670,2.5795830416992835
259000100,4.506762030543708
3996900160,-0.44834744530333726
5416510490,2.763887302750648
9465200181,5.1362251702771715
3524039204,8.30064647230856
7016310030,2.776189751957863
7200001608,2.8906568883723303
8965500030,5.505984569867929
7523900300,2.584411670626997
623069068,7.111049477976248
9275700765,4.995038287320349
9282800065,2.473167047759189
7234601166,0.5101581820829715
8712100605,4.621461223851176
3204300455,6.490889168707384
8106300840,4.035549005707953
1930301325,8.68561289635995
8563030330,2.281772364943838
1898900280,1.7633938590769689
3776300010,7.3822623903532705
1152000040,4.020850769877629
5557700210,-0.6846561780980901
5153200506,-1.4172548710573212
6914700165,0.890129091156709
1081330060,3.59717573786946
3893100319,1.4526691904363456
1525079056,-0.08257715606874547
7129303045,8.895942649777895
3362401815,4.990307036727396
5153200651,-1.0823850431693725
868001705,8.551635662781615
2600010220,10.246048181187708
2011400583,6.022542125408494
7454001280,-1.582246437617667
1560920370,4.20264295055281
7129300420,2.4421673878905796
1337800284,7.021507194644659
9201000320,7.083030056952098
104550690,1.3085084519079522
1189000207,1.537664334625943
9474700020,-0.6029460211197818
2323069022,4.2653077079058965
6056111430,-0.07685125528204484
2690600005,-1.940612701999894
723049156,-0.18996036683991047
2592210160,3.6371832905429535
2767704649,1.9396540801342053
9826700930,1.6467840298377385
7655900062,1.3613842184060911
9528102865,5.94814314482766
3996900125,1.8393694669966547
7215720070,9.0269549718056
1565950230,2.9110815203720586
6979900390,4.330168575360401
9297301495,1.8722156817658506
6648760150,0.6789493566774544
1794500695,3.117541977000031
293810190,3.7226720465359167
8827900015,3.1721487399897903
1887500045,2.2060630899965394
109200390,-0.0793470905102989
357000135,7.615182978324054
1454100010,-1.7742789454558798
3222049044,9.567427725203851
293070120,6.9145022195003545
9550203690,5.702004771225766
7347600507,1.341013321878898
7202340820,4.468888850649771
4136950140,1.8463935256554311
8562790720,5.474011913647665
1072100085,0.8031588527897564
3179100790,3.862247674057718
3800008,2.748100933732553
3279000120,0.7017861858526316
9528102772,1.6973840505796518
629420100,6.56100543917353
650000030,2.20896368652202
7569500010,4.279878060700218
7852130550,4.371431173053805
9385200045,3.837411415230816
6378500230,2.964237913228225
7937900220,8.800699970414358
8143000600,-0.060224673334614176
2473400570,1.6121028078782413
8594400110,0.9130948893317484
9348700480,6.509389048038957
9547202890,2.0214694032344807
3423059140,6.088134466873755
3946900010,2.2519096206337643
1868901815,2.9193709169144006
7942100290,0.8357674742880656
5100403952,0.32770282102222614
3276930380,5.97881635846198
3818400110,4.870618502287911
2070100040,3.4324488731975187
1824059079,5.925959520665094
2113701080,1.7504008576415564
7520400040,2.510841789935948
2524049179,9.382687644805701
1328300810,3.661825296359887
9482700475,5.417684053618849
3629930170,3.19432848268178
424069088,1.5083922451657916
5393600507,-0.11767286886964778
2203500570,1.9038163512463204
5490700035,3.0306321383858545
2660500283,-0.7636563259132507
3303860030,5.810620296126909
5487300020,1.7787745253896723
7137970340,2.291257028375696
2621760360,2.5595092136021624
2867100007,2.2437695303886414
2938200040,0.3657505374928818
1245500276,2.2363826068428176
7625702440,2.238868494948378
9406500540,-0.18229083303217175
4389201095,11.419050883497553
2484200171,4.829682334358358
3670500710,2.7564368738679867
9478501020,1.2784023816644754
3902310210,4.876988529712226
7302000500,1.7651179845289213
1139000035,4.8770801739425655
3204800150,3.700813265299344
1560100135,0.14595596503402974
9561100010,3.2730881247426185
2921079027,3.0507786335584814
6791000280,2.0699075351983356
1236300146,1.3365099471827349
2722049246,-0.3312086349542696
3834000820,2.809063022152336
192450200,-0.3311449270548458
2019200220,-0.8595664232256732
3658700395,3.7181498833380697
9423400193,2.8031046278983833
8562780090,-0.1276860220672391
3782760280,3.2226041621204113
2025049175,1.3538224275639599
7203140420,2.089901567201216
1186000035,3.4877727348223195
7524100280,0.950943896682269
7237500530,8.853483122130609
5112800190,1.6823547761512176
8860310120,5.4952707727256636
3623500049,6.088431133033955
6823100225,5.378196455218421
1068000520,7.8071777448380075
8018600870,0.5469185448407459
7805450040,7.505856734217162
7215720420,4.841287139086548
6181420200,2.450600790313291
126039599,4.101391173028956
3353404510,-0.6587763032476219
3352401476,0.5314098304577692
7893800534,4.977075192474021
8819900170,5.444313023227333
723049197,-0.5815529271523734
7237450110,1.951647202056745
6661200320,-1.4692043397699486
3166900200,3.1543144617780614
4139440100,5.055258542353911
7504010750,5.323932898146918
7697000020,0.5006286888990237
452001540,4.348122740341003
3244500037,5.475178301967535
1720069075,6.03740155483429
5693501100,3.039449548405944
1118001805,11.019642088409865
7308600040,6.581847870465996
5525400430,4.086149435471529
4217400185,3.650793191375189
3277801586,1.8803788816385634
2224079050,7.246495446396719
1442740010,3.374920496377043
2473370750,5.131715836010462
9262800002,-1.7540355210052248
3375300360,-1.2504866832346337
9485300010,1.6586484931027732
3326049077,2.7592993520753497
2520069100,2.430331111372302
3935900232,0.2713443315156694
4278900055,3.7676756011966464
8861000095,3.132162434550874
8818900300,2.3369655181786895
2597800010,2.3775472658990937
7202360010,7.547961732278441
293070090,6.02890219839416
3797001900,1.8063809076532278
2968800660,-0.6933654268600417
8091411040,0.6191404827231293
9477100170,1.2812349327072812
2887700826,3.5814882749868753
6421100342,5.584715259914043
1460900030,2.1592837592039413
4006000401,-1.7656207329391416
1370803445,7.271579583695429
7853302190,3.324570741256913
2695600455,1.6163341534244424
9552701000,4.413616466972183
7445000115,3.562729589851899
2422029094,-2.704657965733648
5198600005,-0.3283984286093742
3574801310,2.307651387764247
5422560930,2.875770731595946
4232903265,4.441081087998864
7974700122,3.37573338968519
1523059183,3.9727909845942135
4142450040,1.100405148540768
203600590,5.275947669688502
856000255,1.7006983057010534
106000044,1.8887366645882009
7893800335,7.422979379117914
2420069017,1.8058957942714713
4242900215,3.2803083597512033
9828200460,0.26290703602936794
7784400035,6.4387912214372545
3361401210,0.31205116214902945
5153900150,-1.8073515269615663
3585901085,14.421938993708748
1099600010,-0.8432723950056223
8665900336,3.3545684458651284
8651600110,5.433347115437433
3316500200,1.931696149608875
6382500079,3.1345510701364083
1149600120,5.198632675022654
4438400020,-2.402524215262657
3630080190,0.1957405997282342
9136100420,4.668301827921294
5451300117,12.393808472238131
9406530150,3.079786673683444
808000070,0.7690518503660171
8691400010,6.968847464142524
1121039059,7.429129645162387
6806100250,1.4879521009796557
2600100300,4.774579113091325
2128000180,3.9489409151033223
6411600026,2.5588168299113074
6189200260,0.7093795738789299
6072300110,3.2888712322009495
3293400010,8.045558704265414
9543000896,0.11074035690190787
2215500205,2.2715857909669843
7760400470,-0.6101118837109036
4139700260,6.126972750925472
8929000380,1.3756132175544704
2570600140,0.1191867919473743
9414500200,1.2221823040827657
326049103,4.551412364292366
7812801125,-0.72591579021373
2710600025,5.00695836347238
3456000160,4.183288390380568
1954430190,2.631718421154096
8895800090,6.0590578453406
624110110,12.29271473536453
5276200020,3.0967215913922597
8861500015,3.3897706575923796
4037400295,3.306323237508848
7199100020,1.7484534646316727
2594200375,3.3958654963044443
1081200350,2.2423008954902115
34001304,3.150611621875245
6752600130,2.132107950568829
4083300510,0.9665180799690911
4235400097,2.2805354524351653
8718500260,4.591656759414692
4154300296,0.5960824196873808
3023039231,1.191407389512264
3598600088,1.686706723994721
4139440480,4.916626831126212
1424069044,0.7649513894756674
5379800862,3.854867554422299
3990200020,2.2099295581304723
8956200960,2.986737377194867
1773101159,-0.3613365098521709
3578400950,-0.035200614787415985
7852170370,3.666304420027906
4302700425,5.044788510022751
5051800130,7.0138640956028615
1623300765,-0.2756352938393367
2122059206,2.482165160747602
7132300695,2.4821667155619327
6093000065,4.640083800214635
641900050,3.3548621316541762
5605000440,5.454820196598249
3629990180,1.0502054289741614
8078430130,2.309714405411404
2768301214,2.103723022974675
4040800360,1.501015209085724
2114700040,3.6683460600333637
9407102245,-1.1065462828989763
9266700295,1.8783898487791775
4139440360,4.926811699489894
6411600411,0.7331101578774044
6909200335,2.641696563343521
2771104830,10.63332770066961
1463400081,0.415489321441584
8651611640,6.955566290476593
8148600020,-0.40914432280992885
293070270,7.261226501075884
6306810110,4.02141620420371
7461420060,0.16666505712889537
5147600105,-1.262908940139928
2025059131,6.274731043975273
868000530,3.8241256455141057
1862400353,5.766143503460367
7308900445,3.5703879983735423
9477000120,1.44787540188279
2123049194,0.7005276438483998
3447000060,3.161165803893201
3751603173,-2.6736212225885168
6818400110,2.7297443795302603
1151100165,-0.4630038768024088
3319500317,0.18694489304230744
7167000020,6.004017784215816
5126310110,3.8212957617300543
7877400245,-2.3415431243899194
1150000400,5.5194829028131975
6601200040,0.7294831060762486
7986401275,7.202473732321886
629420080,5.948916495595657
3629860160,6.2747249563845795
5466400550,-0.7807365032328653
7230300610,2.786571358711981
1112700130,1.422855770341197
4037400430,2.420611916648305
7010700905,2.500709477756195
3999300080,8.71002514656385
1320069179,3.7024779020278102
1338300010,5.957341280897068
626049115,6.069401450982389
42000065,1.0121439222456312
7701961030,9.308685372990892
3649100387,3.77360291335499
8818400155,1.9529877431771212
3300701170,0.14004290365539274
339600460,1.481348702672888
2592200030,3.687128783936193
7504060020,5.453383518152931
3276930050,7.083475707901297
8563300085,4.582820726459233
4037000185,2.845435929082659
3905100740,1.7172777306445528
2424059127,7.575235932291463
6450303235,1.321321324844067
854000165,-0.25316657653733565
2490200320,2.570221077427311
3024059078,3.4116574277876786
3223039013,3.9358202525508768
7963900100,4.883905871588177
4037200530,1.041063502936817
6190701483,2.7443554425905567
9325200120,4.954181965525928
9550204590,5.670934769587111
8649400410,3.3980238034725256
7273100026,5.511391317587002
6150200180,-0.2238012273406519
1946000100,2.681341081496217
9238900850,5.223941972401013
6147650430,3.686221895346788
7625701386,0.9013487872718342
3391900130,-0.04044705214376926
2310110230,1.4495960240214893
3530420020,-0.1607113835194618
1721059218,1.8497285600614333
7813500040,2.942366714216063
1568100300,6.211018893256173
42000006,2.8363428373773862
5561200310,3.789048704574237
1310900260,2.505456476495816
9578080130,2.663445878054751
8078490330,1.1718422058035927
1105000011,3.3272116587882405
9551201240,4.692052421039623
3782760170,4.179419740874196
6430000275,1.159743002024327
3629980780,4.637471885972731
2769602840,3.0926705748487593
2175100205,8.700140861453306
7889601320,-0.6950092216392826
5469501530,5.398183073208685
8691440220,8.299419159890356
1959700550,5.505741286815741
5416100190,2.7887502331526868
7452500815,-1.4469544998575465
2025760160,8.341376033487169
9406540130,4.867547629514846
6430500238,5.143184647994062
7986400945,1.048274189307719
3126049107,3.0608613990145566
8857600360,0.7709028629372472
8078430030,2.249685868213992
2122059198,2.437057757257108
4315701163,3.4823186104940214
3262300485,9.076921326553908
3303990030,7.788011245926569
9435300030,-0.5115877989111097
2473440070,1.686862193355183
6114400028,5.956659993307947
3021059175,0.23552385437588885
7891600260,-1.3267808899031839
9266700175,1.1406663349868238
8125200483,0.9892076436566284
2205500575,0.19586168060687847
1604590190,7.976026710771428
7972601270,1.0248729689603762
3543900380,4.993360801212318
6905200050,5.216939518731738
1724069062,8.492448759566521
3876312620,2.6112929122346986
1245500286,0.7282985911893962
2205500355,1.986301663858336
9169600209,4.426206132014483
2195700050,7.188524273697955
3859900060,10.78104318245578
8965520190,9.35049954476806
7135300026,-0.090549530130698
3172600031,1.1807417188796303
7689600330,-0.9134993501178199
8604900017,2.7299232512248714
3223059141,-1.6404591317534616
6623400193,2.1437612292520187
7203000200,1.534458354694687
9406590280,1.6132373768423611
9268200484,2.606273829421008
2597531110,5.248150468522823
9544200422,5.736365979085271
1592000130,4.916229886232298
8056000075,1.3282790760073968
7852120120,7.2844763989513845
191100410,4.919680702438409
8820901275,5.387822109605656
2723069052,7.207514435900905
1423800210,-0.059921930294823456
2068500210,-0.5895068766156293
1463400047,2.5044753755747706
9476700035,6.950992809667239
5418500970,6.022852267019696
9477100620,1.4761719461437686
5469500020,3.665852956245094
522059158,0.03417750441032791
8856970530,1.575810522053404
9533600100,6.410189707966968
745530180,9.395995743577783
8556800090,7.508437118865813
7010700245,6.914885564125601
2856100515,4.693848314081978
2310000280,1.9641964238284189
6821101895,3.253051344909127
3530490070,0.6761034374299033
2739200160,2.529983192620076
4054500590,9.666863942143815
6453900040,7.972331868537574
7227800180,2.0819234380332308
1086100100,4.01572429324826
7203600560,6.352770678742507
8146100370,2.112753617258238
1441600160,9.366284876181862
859000160,2.337835053483011
9290900160,6.822926263462598
7967900150,3.8650822536080436
2923049393,3.3696196009949273
9530100921,2.5645642431774087
3905081070,2.295279228399587
3211200290,1.04616861145159
3546000490,-0.3578525581601784
4305600250,4.632775871447618
1560920200,3.2672703731444255
5606000233,6.434456861344073
937000220,1.0643789540000963
5100402644,3.7742214160755996
3275300270,-1.8919744975447572
2781250150,3.586257629574702
1737320060,1.192398107225013
8604900245,0.5851230387705717
2887701970,1.4946483382843607
7715801040,1.8909362773047085
3793400360,2.3935914017376376
1105000296,1.0390976913135017
1995200338,5.309116087244143
6908200006,7.113522556683073
3793501390,1.777224733576309
222069058,3.763243714334193
1223089066,5.1837451348454255
4073200124,0.6355015415172405
1250700060,3.3964812325713054
4377000100,5.822264374573087
3204960200,5.854188375181509
7211400850,-0.5951972551251654
2867300190,4.8215731925479925
7893805650,1.36154356562447
7732410420,3.858048823252435
9808700650,3.7022095286646164
1795500240,-0.3310719836998429
1151100070,3.282211512432208
126039323,5.256456235505667
1972205790,3.5649015078311246
993000327,1.0574051969578215
1778500015,3.8170337374982077
9161100795,2.0817570332415336
2968801240,1.2801790494438392
3425059076,7.348262167368798
3025059089,2.5930894227322168
643300040,2.2178225944404275
546000245,2.5013151592831124
3878900270,7.12979276010425
6679000130,0.20444137264142115
9826701320,2.4939041724797884
8850000285,4.163756627604735
6456200020,2.4619621215145546
3654800200,1.1749321620424729
2770601595,1.5308636122872703
8678500060,13.562429203430694
4035900015,4.522883961852048
524059052,7.207081754063411
6163900301,2.9181213592160256
8807810890,-0.10107337080939087
6151800486,-2.568676144297996
9485951460,4.087751254082167
910000104,-0.3402887680223643
3630180400,5.176829219692768
9169600096,2.6424777415455196
293800410,9.597813933687588
9528100899,4.270025905865042
9324320030,0.3567015429655161
3279000370,-2.5095980013965167
3024059149,6.430607940782072
5332200320,3.7088587618416167
2291400342,2.6012067479897
5451200280,6.2053125127326565
6381500700,1.8388170274845792
5153100030,2.725075481706869
2621760480,2.914599779270487
8078550190,-0.1291992812683811
3298700426,-1.474915894139377
2473420140,3.06805417082338
2923500010,4.497724794096315
9297300590,4.776293753528678
2025700260,0.5446362322285987
8129700565,3.503782242078164
822069118,7.288591107105859
1546600020,3.082332082533531
1775910270,1.854069353461534
7387500235,-0.00011083544616341534
6071900130,2.8358513321750256
3522059196,1.4674935374730596
1604601155,-0.49978038522948287
5035300085,4.56598788538131
9269200831,0.4699189849449325
5101404698,1.7111323226958661
1702900664,2.581203596120069
6134500070,2.928593622603237
2143700830,1.8738453840635834
1974300020,3.5163482877551826
7017200120,-0.108117061822814
255460240,2.7545698047135208
284000025,9.85508358536104
2473350790,2.200697109618159
1138000160,0.6387064659253914
5014000225,0.7270146422024728
3905030480,2.535486131707184
4024100982,2.2196072689961936
9211000110,4.81114634938332
7568700525,0.6474463540905239
3832050570,1.5681632095646958
1423089162,1.642268839579699
7974200902,2.9240728326784153
4167960330,-0.46367035485867647
1787600190,1.2034778142680707
2771602450,0.771708102805051
3356403140,-1.8517657033049413
8944460030,3.9391460570393564
2450000320,1.0651886605148373
9839300875,2.9377907637144087
1760650880,1.4269630664173918
9477730080,1.987152234385479
5560000540,-0.37453527504637785
1494300060,1.6517092927192834
943100260,-0.5436924761965076
8815400020,3.989847361402039
8856970440,1.4327880251224034
9320990120,1.3408120437407467
3902300210,3.822106841327038
5101407350,1.1722745365280285
3330500345,1.066776177711124
904000045,3.9956899764278075
2426049180,3.0229186831993635
2926069083,9.063667924644259
7504100590,6.8093173290204305
7715600070,1.9754995129218806
567000401,3.9608891945270788
6065300330,6.46260520519315
339600110,1.9164052872687785
8651430780,-1.0047129002590987
3797002575,3.618858256199121
1761300310,0.9838623092624815
5116000170,2.4979627722643407
40000553,1.4190136480244868
2426049079,0.6904723796806362
4077800247,2.395815258390611
8562901910,5.3833517127948305
104530240,-1.4074175824973039
7460000015,0.23410663378447372
5205000250,1.650524980728942
7203600530,5.877319795612765
2025059150,3.6235295654061
5535600640,5.02630581841505
809002390,2.680381850073218
9430100020,4.32486839403462
2892600016,-0.9684176419639762
8103000110,0.73890967330388
2595650220,0.3864161716392248
7972603931,-1.7384507808575131
5013500110,0.14727055230205655
6669010290,4.3827178686150114
255000270,2.653445494227617
3791410210,7.259417714103776
2472950160,-0.8282718995083908
9545200180,3.6155605832289384
3864000120,6.945517702911394
2586800270,0.7793653990072956
5210200131,2.5670256164837273
3348401584,1.6617738063746366
2641800015,0.0994757139025566
461002551,0.10564042406591212
6821102358,2.9838932268468055
3306200230,-0.4640632931934804
2009000830,4.675339673865279
6145602355,3.2844318037961653
6071000310,5.156278270301125
1702901557,3.436317676572032
4048400070,0.7125010703908792
3862710030,2.784643643173789
9268850160,0.9802132980808322
2459970020,2.7847162299359742
5101404608,0.7658773515799329
7224500300,1.519030498966395
3356402020,-2.1317606810216834
221049191,3.2889386964360274
8121200710,3.1015810271695674
6918720080,4.472872490990569
2815600215,4.273256681124003
5652601035,0.21825865255796617
1223089050,1.7456525856220142
1704900303,2.916430133518493
5379805253,-0.14473269626195473
3419600125,2.766680720186593
2123049086,-2.1390916775041386
5561400260,6.669512703711982
9545220100,2.576448651690171
6703100140,2.244163722810481
1796360370,0.39780212530343373
322059097,1.8955146500250284
8651442520,1.2201127795615383
7148200040,2.6638991818460145
6793300220,4.689641271441362
4310701600,2.832014062510299
2937300050,9.323254734935436
9541800065,1.427329002128526
1221079058,0.7083855923982159
1175000059,2.0291381694293067
5583200810,3.160788427878297
7852130410,4.011382415838806
8732020440,2.783534518919894
3396800280,5.140481156615008
4140940150,3.584452968226944
2771104010,3.7319054228639033
923049203,2.5127117391883993
9432750190,4.156662935755192
9526600250,5.830391552702462
9277700075,-0.6033942335665287
1250200600,2.346666627179699
1186000150,3.4296714052413373
104540820,-0.6578516095389473
3438500168,1.7383259890796878
8929000330,1.659600291511513
9512500720,3.6161710627416226
1771110070,1.542690163772215
9542830160,1.730066655647465
6181400470,2.223175562195051
2807100155,0.8830993869528043
3530210260,7.280649313158073
7217400389,2.5609676807367574
5561700340,3.261787575708964
2425069069,4.62732618874822
2652500210,2.433405199102537
6814600150,4.61075218980118
2920700220,0.8915004244274529
6683000295,1.1477704504533839
7397300170,11.63646418967566
9238500040,4.194728819751558
2126049096,1.9509210816369953
6003501535,3.1840199458933887
1552520010,1.158850378371868
926069192,9.487336083741221
5379803386,1.3312810082873452
3658700690,3.099591636924434
5416500980,3.9897709635376657
8562900180,2.6569361501130886
9464700340,6.256219365668043
8562750060,8.41375681202304
1442700250,4.633501529477156
3755000310,0.6684532722227163
9477000080,1.5854134840564107
9542830430,0.72495362996012
8598900157,3.7194683352956894
7852011020,5.799327399504618
6300000364,-0.5771941573366961
11520030,4.926540398305223
6632300212,2.3153411406428894
3575302938,0.5265912611384855
3224069026,-0.19496131073021078
2822069078,1.8169292497882181
1136100072,2.8729644173079567
8024200350,-0.2790463999803916
7523850150,3.0944848742024273
6788201240,4.635464113739942
1454100005,0.9953698520988387
2143700406,1.7686447395220828
9510970520,3.5264454132501655
421059018,2.275730124378496
3278605550,1.059010354006451
7203102050,2.0427839893654562
7236100015,-0.007489531623914858
395300100,2.7931004242033386
7221400320,0.20080509016632275
3528000210,7.485314355884659
2877102651,5.722823222511309
8562890910,3.7993769352391693
1310960220,2.710548838283726
8691390860,5.9143287351045535
6131600285,-0.11519151650592097
1568100387,2.2472731599936635
9562200090,7.914602054167688
2297400090,1.448281417988743
6073200010,2.2207380276711874
8077100031,3.1064973207594684
2223059052,3.2241496352825227
3879900750,1.2953801520689638
3124059023,9.906016185722267
6365900065,-0.6610140430897987
8078360080,3.8221192833956947
123079023,3.2656819696509554
3579800485,0.7568542781357646
3626039271,0.7646788025331049
1310440590,3.8358550155905338
3085001610,2.988710479017048
6303401150,-0.23979377264813106
8964800330,7.439132878387113
7852000500,3.0209693562941746
7852020670,2.6041102364081157
4340610040,-0.6475627418032396
4060000020,2.26404511306413
8818900060,4.950914949057051
2126079124,3.507069650381464
2391601445,7.324534357618097
2326600130,9.355618175358565
603001045,0.5691036737402776
254000241,2.66219648513881
8961980290,5.128573572272661
9542000050,3.5540468450794167
821069025,5.425167821133459
6817801020,0.8766161281361237
1423910130,0.40482743094504053
6446200365,5.930060535783826
1446300020,5.123673683259556
8562770720,3.110142664470593
2569600150,0.7260784140473558
4388000070,-1.2354045893789032
7254000050,1.6867414936610825
8018600765,-0.7487450449689769
8682300400,1.8655386576288004
9310300160,5.07513571334382
3630120700,4.654923416655363
8001600130,0.4499010751369816
9406520580,0.9048418064094181
4383500030,-0.11372855968629603
3825310970,5.814797634558434
4365200630,1.7569203793674777
2787250240,6.105461575093939
2241700075,1.8471930223602635
324069112,8.760297275162
2721059173,1.523361044135261
7853440050,8.083496937051656
9264902050,3.310866818532232
8731800300,1.5272575743737216
2195700270,6.323857964287977
7853220740,6.181908507725394
3037200141,1.1437924188665405
1766600075,0.26185238756267226
8910500238,2.868640658874725
2225039103,10.750474931458598
7555200230,3.4443982989262953
9268710390,-1.0860067679857508
2517100490,2.490194892321684
9212900300,0.2889301575751211
2734100732,1.3071198389283019
2561340020,1.4276061860605262
8089510150,7.400947062113079
8097000170,2.0861283457043673
3365900520,1.264567916993936
6413100311,2.018163451431372
7626200235,1.9239796801966307
9558040050,7.601563875719732
7657000085,1.4203280286458209
1238500281,3.1044960215850574
4038700190,4.09269722619818
3023049256,1.328892271870283
3623500408,12.833325401542494
9485951170,5.457110447765484
6064800710,1.2312530556641148
7468900235,-0.8568367377840014
4137000460,0.6749891036247939
5468000180,1.384769255858456
5412200180,1.507273918202099
1737100040,2.482843067622812
9413600350,4.339756224501241
5066400483,2.3638270262254757
7923300310,1.9028701290726904
1726600120,4.7407771380570844
3753000010,1.98891453019352
4022902505,4.940465207425706
5132000140,0.46358571394176074
594000115,5.885973170328748
7861000021,0.7621787646895596
1922069089,-0.5262603275846283
3176600055,2.9615116812580005
2517101200,0.9065202207586704
5727500301,2.3033523685638406
7588700080,4.300175451263255
9189700045,3.512217337293677
3066410080,5.479881877287676
255400060,7.7543389711391635
461002050,1.5929859884463742
2767604558,1.466562737606125
7852040110,2.8321959564631287
4237901250,4.289829160958328
6056100370,2.870102007278203
8562800250,4.2272038200682704
8078550610,1.4518034199940901
7443000640,3.1865187717123966
305000170,3.74946390928309
322059326,0.9845735653560866
7843500090,2.148599621316478
3303980140,8.13639243530946
1854750090,8.625479668158693
9144100007,1.8860487804360349
5561300480,5.513974145705245
1773100765,-0.05193560983241774
4137070440,3.528605049890291
1645000580,1.9340755789490687
8651610680,4.631500432893521
824059293,4.186848432180955
9264910900,2.553069841857786
9536601996,-0.0783367025356187
4219400520,9.672569960443198
8078410210,2.9778223795167804
1113000430,-0.026322207266350817
8647800040,1.6141065312994036
6817801410,0.614454187978843
9367200205,3.730910914700452
3753000100,3.363715485411763
8085400586,6.40477436922251
3438500796,1.131428291314062
5279100675,1.8186805300293412
6163901283,3.9500341572422193
1312920060,0.017605096577140822
871001500,5.5253943217912695
3211700035,2.0351480758320286
4027701055,0.6071907447428482
3882300100,1.3830756261955437
2644300005,3.6880030511004347
2432000130,1.9258518122207202
7697860130,-1.1581033305167683
3814800280,2.6323232482311796
2914700310,2.79580473628519
3260810110,1.9880566536916886
6099400140,1.94189090166756
203101370,0.6470539605251628
2597530760,6.240820270848011
1250200693,2.9924054525455297
9477500060,3.9105212566008594
7632400400,8.780455844115854
5014000120,0.23371135317368186
3438501327,0.9362207880841973
7203140220,1.6465552035561046
3904960910,4.701520436103353
1036100130,3.2735335550480302
5700004485,9.219933590153204
4310700020,0.2666396109249196
8732190070,0.1531174993642119
3304030140,3.2319973057813227
7348200115,-0.20708882772317438
4078300024,6.373819474410914
3279000070,-1.056330965561469
3300700470,-1.6781615326809787
5595900345,5.014144934035848
2264500350,2.906855313644283
8078400020,3.016523436138514
4054560170,7.729045561487495
9528101214,3.7039545697989795
3352400004,-0.08136048549982733
3818700123,2.228066396899318
1853080150,6.00384168148862
2481630180,12.409998838873829
269000085,7.442935777510162
192600100,4.765256378376392
1939000010,5.239543335037182
7137800300,-1.496595903445385
4181200680,1.3276616272540012
9325800110,1.0632506060452873
5589300361,3.082038783068972
9346960050,4.498218692363873
993002108,2.120990906743976
7899800851,1.004031372762452
9828701508,1.9605586984004226
1841500050,2.5700043249641786
5608000630,9.729124157039905
1250202255,3.4340254279401137
7967650010,2.6134378981604325
5714200140,4.368360914806242
6762700515,4.866909308784434
1426300842,3.5589772203083703
3629860060,7.169820612423649
2652500155,4.3608618760161
9831200172,5.940028711489289
2767704345,0.9097546619912358
4051100230,0.28671586644350644
7015200800,2.696179600136907
984220330,2.3245538907971994
7399100040,0.4058237440060574
425069136,7.085188426992587
3826500570,0.36843115411404104
7147600245,1.0853795353458309
6607000126,2.9902642080436563
5132000140,0.7478717119159841
6624010170,-0.6742164307808728
1853080840,6.769952351942395
2767601311,2.696054327099045
226059078,2.695324042069204
